{"title":"Summary","language":"und","mainLibrary":"H5P.Summary","embedTypes":["div"],"license":"U","preloadedDependencies":[{"machineName":"H5P.Summary","majorVersion":"1","minorVersion":"10"},{"machineName":"FontAwesome","majorVersion":"4","minorVersion":"5"},{"machineName":"H5P.JoubelUI","majorVersion":"1","minorVersion":"3"},{"machineName":"H5P.Transition","majorVersion":"1","minorVersion":"0"},{"machineName":"Drop","majorVersion":"1","minorVersion":"0"},{"machineName":"Tether","majorVersion":"1","minorVersion":"0"},{"machineName":"H5P.FontIcons","majorVersion":"1","minorVersion":"0"},{"machineName":"H5P.Question","majorVersion":"1","minorVersion":"4"}]}