{"intro":"Choose the correct statement.","summaries":[{"summary":["<p>Blueberries are edible, round berries.<\/p>\n","<p>Blueberries are non-edible, elongated berries.<\/p>\n","<p>Blueberries are non-edible, round berries.<\/p>\n"],"tip":"Blueberries are used in blueberry jam","subContentId":"6e5c14ce-1367-4bf1-b003-63b3d3681091"},{"summary":["<p>Blueberries turn blue on ripening.&nbsp;<\/p>\n","<p>Blueberries turn green on ripening.&nbsp;<\/p>\n"],"tip":"","subContentId":"f8c2ecc0-2112-407d-8eb3-79d37e7fff85"}],"solvedLabel":"Progress:","scoreLabel":"Wrong answers:","resultLabel":"Your result","overallFeedback":[{"from":0,"to":100,"feedback":"You got @score of @total statements (@percent %) correct."}],"labelCorrect":"Correct.","labelIncorrect":"Incorrect! Please try again.","labelCorrectAnswers":"Correct answers.","tipButtonLabel":"Show tip","scoreBarLabel":"You got :num out of :total points","progressText":"Progress :num of :total"}